<?xml version="1.0" encoding="UTF-8"?>
<project version="4">
  <component name="AutoImportSettings">
    <option name="autoReloadType" value="SELECTIVE" />
  </component>
  <component name="ChangeListManager">
    <list default="true" id="b2f4022f-8e45-4846-9f5f-2e0e92068555" name="Changes" comment="Restored to '7e2c38a0d62aca2d20779760ab9a0a50c37173d3'&#10;&#10;Replit-Restored-To: 7e2c38a0d62aca2d20779760ab9a0a50c37173d3">
      <change beforePath="$PROJECT_DIR$/LemonchiffonCyanQuerylanguage/cricket_app.db" beforeDir="false" afterPath="$PROJECT_DIR$/LemonchiffonCyanQuerylanguage/cricket_app.db" afterDir="false" />
    </list>
    <option name="SHOW_DIALOG" value="false" />
    <option name="HIGHLIGHT_CONFLICTS" value="true" />
    <option name="HIGHLIGHT_NON_ACTIVE_CHANGELIST" value="false" />
    <option name="LAST_RESOLUTION" value="IGNORE" />
  </component>
  <component name="ChangesViewManager">
    <option name="groupingKeys">
      <option value="directory" />
    </option>
  </component>
  <component name="Git.Settings">
    <option name="PREVIOUS_COMMIT_AUTHORS">
      <list>
        <option value="Patel Shyam &lt;27637748-patelshyam@users.noreply.replit.com&gt;" />
      </list>
    </option>
    <option name="RECENT_GIT_ROOT_PATH" value="$PROJECT_DIR$/LemonchiffonCyanQuerylanguage" />
  </component>
  <component name="ProjectColorInfo">{
  &quot;associatedIndex&quot;: 5
}</component>
  <component name="ProjectId" id="30VY2ZsvtXiqBPGI1QzepHTri5S" />
  <component name="ProjectViewState">
    <option name="hideEmptyMiddlePackages" value="true" />
    <option name="showLibraryContents" value="true" />
  </component>
  <component name="PropertiesComponent"><![CDATA[{
  "keyToString": {
    "Python.main.executor": "Run",
    "RunOnceActivity.ShowReadmeOnStart": "true",
    "git-widget-placeholder": "main",
    "ignore.virus.scanning.warn.message": "true",
    "last_opened_file_path": "C:/Users/Hewlett-Parkard/OneDrive/Desktop/CrickConnect",
    "settings.editor.selected.configurable": "com.jetbrains.python.configuration.PyActiveSdkModuleConfigurable"
  }
}]]></component>
  <component name="SharedIndexes">
    <attachedChunks>
      <set>
        <option value="bundled-python-sdk-5b207ade9991-746f403e7f0c-com.jetbrains.pycharm.community.sharedIndexes.bundled-PC-241.17890.14" />
      </set>
    </attachedChunks>
  </component>
  <component name="SpellCheckerSettings" RuntimeDictionaries="0" Folders="0" CustomDictionaries="0" DefaultDictionary="application-level" UseSingleDictionary="true" transferred="true" />
  <component name="TaskManager">
    <task active="true" id="Default" summary="Default task">
      <changelist id="b2f4022f-8e45-4846-9f5f-2e0e92068555" name="Changes" comment="" />
      <created>1753714000604</created>
      <option name="number" value="Default" />
      <option name="presentableId" value="Default" />
      <updated>1753714000604</updated>
    </task>
    <task id="LOCAL-00001" summary="Restored to '7e2c38a0d62aca2d20779760ab9a0a50c37173d3'&#10;&#10;Replit-Restored-To: 7e2c38a0d62aca2d20779760ab9a0a50c37173d3">
      <option name="closed" value="true" />
      <created>1753791738960</created>
      <option name="number" value="00001" />
      <option name="presentableId" value="LOCAL-00001" />
      <option name="project" value="LOCAL" />
      <updated>1753791738960</updated>
    </task>
    <option name="localTasksCounter" value="2" />
    <servers />
  </component>
  <component name="VcsManagerConfiguration">
    <MESSAGE value="Restored to '7e2c38a0d62aca2d20779760ab9a0a50c37173d3'&#10;&#10;Replit-Restored-To: 7e2c38a0d62aca2d20779760ab9a0a50c37173d3" />
    <option name="LAST_COMMIT_MESSAGE" value="Restored to '7e2c38a0d62aca2d20779760ab9a0a50c37173d3'&#10;&#10;Replit-Restored-To: 7e2c38a0d62aca2d20779760ab9a0a50c37173d3" />
  </component>
  <component name="XDebuggerManager">
    <breakpoint-manager>
      <breakpoints>
        <line-breakpoint enabled="true" suspend="THREAD" type="python-line">
          <url>file://$PROJECT_DIR$/LemonchiffonCyanQuerylanguage/main.py</url>
          <line>17</line>
          <option name="timeStamp" value="1" />
        </line-breakpoint>
      </breakpoints>
    </breakpoint-manager>
  </component>
</project>